{
  "model": "lstm_bi",
  "model_path": "models/final_lstm.h5",
  "accuracy": 0.9309140818680914,
  "macro_f1": 0.9313684000944015,
  "weighted_f1": 0.930890138537671,
  "pr_auc": {
    "none": 0.9545414509140489,
    "anaphylaxis": 0.9757797601339271,
    "malignant_hyperthermia": 0.9653273362147177
  },
  "per_class": {
    "none": {
      "precision": 0.9390425621222297,
      "recall": 0.9152152346666393,
      "f1": 0.9269758070781517,
      "support": 195554
    },
    "anaphylaxis": {
      "precision": 0.9160881204473106,
      "recall": 0.9484036245225288,
      "f1": 0.9319658251727091,
      "support": 152627
    },
    "malignant_hyperthermia": {
      "precision": 0.9365701698733256,
      "recall": 0.9337611849072159,
      "f1": 0.9351635680323435,
      "support": 140703
    }
  },
  "confusion_matrix": [
    [
      178974,
      10119,
      6461
    ],
    [
      5438,
      144752,
      2437
    ],
    [
      6180,
      3140,
      131383
    ]
  ]
}